Timestamp,Iteration,Score,Improvement,Best Score,Strategy,Prompt Length,User Scores,Edge Cases
2025-05-08 12:41:09,1,0.6,0.0,0.6,multiple,373,"user1:0.4000, user2:0.6000, user3:0.0000, user4:1.0000, user5:1.0000",2
2025-05-08 12:41:55,2,0.76,0.16000000000000003,0.76,multiple,1841,"user1:0.8000, user2:1.0000, user3:0.0000, user4:1.0000, user5:1.0000",1
2025-05-08 12:42:51,3,0.6666666666666666,-0.09333333333333338,0.6666666666666666,multiple,2569,"user1:0.3333, user2:1.0000, user3:0.0000, user4:1.0000, user5:1.0000",2
2025-05-08 12:43:45,4,0.72,0.053333333333333344,0.72,multiple,2913,"user1:0.8000, user2:1.0000, user3:0.0000, user4:0.8000, user5:1.0000",1
2025-05-08 12:44:30,5,0.7266666666666667,0.00666666666666671,0.7266666666666667,multiple,3443,"user1:0.8000, user2:1.0000, user3:0.0000, user4:0.8333, user5:1.0000",1
2025-05-08 12:45:25,6,0.6799999999999999,-0.046666666666666745,0.6799999999999999,multiple,4299,"user1:0.8000, user2:0.6000, user3:0.0000, user4:1.0000, user5:1.0000",1
2025-05-08 12:46:29,7,0.72,0.040000000000000036,0.72,multiple,4810,"user1:0.6000, user2:1.0000, user3:0.0000, user4:1.0000, user5:1.0000",1
2025-05-08 12:47:28,8,0.5411111111111111,-0.17888888888888888,0.5411111111111111,multiple,5247,"user1:0.4000, user2:0.5556, user3:0.0000, user4:0.7500, user5:1.0000",2
2025-05-08 12:48:13,9,0.8099999999999999,0.26888888888888884,0.8099999999999999,multiple,2567,"user1:1.0000, user2:0.8000, user3:0.2500, user4:1.0000, user5:1.0000",1
2025-05-08 12:49:05,10,0.5944444444444444,-0.2155555555555555,0.5944444444444444,multiple,2915,"user1:0.2222, user2:1.0000, user3:0.0000, user4:0.7500, user5:1.0000",2
2025-05-08 12:49:51,11,0.6799999999999999,0.0855555555555555,0.6799999999999999,multiple,3021,"user1:0.4000, user2:1.0000, user3:0.0000, user4:1.0000, user5:1.0000",2
2025-05-08 12:50:54,12,0.76,0.08000000000000007,0.76,multiple,3560,"user1:0.6000, user2:1.0000, user3:0.2000, user4:1.0000, user5:1.0000",1
2025-05-08 12:51:54,13,0.72,-0.040000000000000036,0.72,multiple,3712,"user1:0.6000, user2:1.0000, user3:0.0000, user4:1.0000, user5:1.0000",1
2025-05-08 12:52:40,14,0.7828571428571428,0.06285714285714283,0.7828571428571428,multiple,4878,"user1:0.8000, user2:0.7143, user3:0.8000, user4:0.6000, user5:1.0000",0
2025-05-08 12:53:36,15,0.7666666666666667,-0.01619047619047609,0.7666666666666667,multiple,4176,"user1:0.2222, user2:0.7778, user3:0.8333, user4:1.0000, user5:1.0000",1
2025-05-08 12:54:37,16,0.5599999999999999,-0.20666666666666678,0.5599999999999999,multiple,4866,"user1:0.2000, user2:1.0000, user3:0.0000, user4:0.6000, user5:1.0000",2
2025-05-08 12:55:23,17,0.76,0.20000000000000007,0.76,multiple,2941,"user1:0.8000, user2:1.0000, user3:0.0000, user4:1.0000, user5:1.0000",1
2025-05-08 12:56:05,18,0.5900000000000001,-0.16999999999999993,0.5900000000000001,multiple,3395,"user1:0.2000, user2:1.0000, user3:0.0000, user4:0.7500, user5:1.0000",2
2025-05-08 12:56:53,19,0.6799999999999999,0.08999999999999986,0.6799999999999999,multiple,3108,"user1:0.4000, user2:1.0000, user3:0.0000, user4:1.0000, user5:1.0000",2
2025-05-08 12:57:36,20,0.8400000000000001,0.16000000000000014,0.8400000000000001,multiple,3897,"user1:0.4000, user2:1.0000, user3:0.8000, user4:1.0000, user5:1.0000",1
